n,time,stdv
8,0.00803987185160319,0.00015790553270048609
16,0.053357998530069985,0.0021302267940801764
32,0.35353906949361164,0.005131457557488331
