n,time,stdv
8,0.004869937896728516,0.0003479375075682718
16,0.03512493769327799,0.002989163504110552
32,0.2204915682474772,0.003331401915159287
64,1.5255525906880696,0.008293825524181347
