n,time,stdv
8,0.005251248677571614,9.248684564834437e-05
16,0.03894503911336263,0.003722782705026478
32,0.23126586278279623,0.002283359643429098
64,1.710509459177653,0.04938471263773035
