n,time,stdv
8,0.0005060036977132162,7.623183185653663e-06
16,0.004491329193115234,0.0012853225204654312
32,0.030234336853027344,0.0015772997485060448
