n,time,stdv
8,0.0003325144449869792,1.6874466891729476e-05
16,0.0024361610412597656,6.445640884440892e-05
32,0.01967016855875651,0.001842839119591139
64,0.12511205673217773,0.00032723321287206054
