n,time,stdv
8,0.00039537747701009113,3.576623052335695e-05
16,0.0036683082580566406,0.0015044958183795263
32,0.01837436358133952,0.00035254815366137144
64,0.12447230021158855,0.0021331650873812444
