n,time,stdv
8,0.0017933050791422527,0.0001288010632677939
16,0.013480822245279947,0.0021861561769180413
32,0.08631459871927898,0.0015212232810521557
