n,time,stdv
8,0.0018571217854817708,0.00020367162084858166
16,0.009908119837443033,0.002097985448677627
32,0.05724382400512695,0.0013665276949878283
64,0.38927992184956867,0.010846749774190347
