n,time,stdv
8,0.0012997786204020183,3.042461471466294e-05
16,0.009279648462931315,0.001043886128495047
32,0.060167948404947914,0.0006676410883415829
64,0.3928979237874349,0.006306439775899623
