n,time,stdv
8,0.00039498011271158856,2.4086570546669645e-05
16,0.0029410521189371743,0.00026186700411803886
32,0.022921164830525715,0.002336311141958059
64,0.13982295989990234,0.0008431633863974226
