n,time(s),stdv
0,0.14512459437052408,0.002467237688999862
2,0.16911633809407553,0.003967785763085783
4,0.040847222010294594,0.002074285078324615
8,0.04208691914876302,0.00040270220183549575
16,0.016687711079915363,0.0007840461704331131
