n,time,stdv
8,0.0003581841786702474,4.744969001000081e-05
16,0.002876440684000651,0.0003341337787839704
32,0.022011756896972656,0.00210606494162105
64,0.1388866106669108,0.0012005324675008198
