n,time,stdv
8,0.0004801750183105469,8.790406037084782e-05
16,0.002966006596883138,9.660935391688425e-05
32,0.022399266560872395,0.0007876998183072301
64,0.16651701927185059,0.018765895755274205
