n,time,stdv
8,0.0007673104604085287,0.00010160949323510499
16,0.0048067569732666016,0.00015212170345369462
32,0.03281712532043457,0.0002644380201180084
