n,time,stdv
8,0.00045291582743326825,6.845284869718188e-06
16,0.003647883733113607,0.0007562118056855135
32,0.024539868036905926,0.0018298883829774425
64,0.14735953013102213,0.004143968332235413
