n,time,stdv
8,0.0005083084106445312,2.231093496391614e-05
16,0.0036466121673583984,4.7553002488820866e-05
32,0.027318636576334637,0.0018080357262928836
