n,time,stdv
8,0.0,0.0
16,0.0,0.0
32,0.015498717625935873,5.3417113777910786e-05
64,0.10400454203287761,0.0090287446907818
128,0.6997895240783691,0.002819668602548924
256,4.822194258371989,0.0027500688041956272
512,33.773047844568886,0.03051029142947851
