n,time,stdv
8,0.0005381902058919271,9.322329045769507e-05
16,0.002981980641682943,0.00018968027353524097
32,0.017793814341227215,0.000902352316240862
64,0.1179047425587972,0.002711792793830502
