n,time,stdv
8,0.0003918011983235677,2.8286868184566146e-05
16,0.0025778611501057944,9.351186793578571e-05
32,0.01979351043701172,0.0004233253298905086
64,0.11764113108317058,0.003011113524231022
