n,time(s),stdv
0,0.05265990893046061,0.0008772673201462531
2,0.012859423955281576,0.0005723341324981846
4,0.004924774169921875,0.0005828833022147683
8,0.004546165466308594,0.00018837964764658512
