n,time,stdv
8,0.0031882921854654946,0.00023478775230008808
16,0.023497343063354492,0.0010722940997655288
32,0.16747005780537924,0.0017191539839972816
64,1.19707457224528,0.0068524530872874365
