n,time,stdv
8,0.0002860228220621745,4.6926889887078486e-05
16,0.002344051996866862,0.000592691820106449
32,0.015502214431762695,0.000598611414910023
64,0.11559359232584636,0.00942176025154344
