n,time,stdv
8,0.0006951491038004557,6.184300975534077e-05
16,0.005138556162516276,0.0008908856386371704
32,0.03801298141479492,0.003158725425343526
64,0.26085742314656574,0.0024301954464774215
