n,time,stdv
8,0.0002807776133219401,5.247014630713166e-06
16,0.0018227895100911458,7.634024903739683e-05
32,0.01506495475769043,0.0011540438722780662
64,0.10720380147298177,0.0015295756221497053
