n,time,stdv
8,0.0003617604573567708,8.793746442575321e-05
16,0.0026686986287434897,0.00013263582199904487
32,0.020572741826375324,0.00035392114481828127
64,0.1452027161916097,0.0011457837892570187
