n,time,stdv
8,0.0003973642985026042,0.000688255154120476
16,0.0,0.0
32,0.02071491877237956,0.009007195356591476
64,0.1717370351155599,2.430271733304904e-05
128,1.3476227124532063,0.007835735039014113
256,10.721381823221842,0.01444980963386191
512,85.76867659886678,0.04267071997310113
