n,time,stdv
8,0.0,0.0
16,0.0,0.0
32,0.025887727737426758,0.009054070999853394
64,0.1666254997253418,0.023940587725427242
128,1.1304216384887695,0.006527132678080805
256,8.957649072011312,0.013948020862345204
512,71.50838836034139,0.12666404638301829
