n,time,stdv
8,0.00030493736267089844,6.958514890995211e-05
16,0.00206756591796875,0.0002078107541745819
32,0.017287254333496094,0.0024605096886349434
64,0.11655020713806152,0.0015567696808497253
