n,time(s),stdv
0,0.051905314127604164,0.0015726367859008321
2,0.009434143702189127,0.00013562944038455593
4,0.005131165186564128,0.00012641364361549447
8,0.004038016001383464,6.008400482855103e-05
