n,time(s),stdv
0,0.1682908535003662,0.008826777312303908
2,0.13779735565185547,0.005947946215550212
4,0.03498339653015137,0.001580688694261672
8,0.036178906758626304,0.0005130713719870963
16,0.018828709920247395,0.0005076847699997847
