n,time,stdv
2,6.67572021484375e-06,6.743495761743046e-07
4,3.3736228942871094e-05,5.057621821307283e-07
8,0.0002263784408569336,1.3318404129442515e-05
16,0.0018436908721923828,0.00011699965146624183
