n,time,stdv
2,5.412101745605469e-05,4.047572327936028e-05
4,0.0001506805419921875,2.8060560187920566e-05
8,0.0007430712381998698,3.2348870855331284e-05
16,0.004059553146362305,0.0020779993423421105
32,0.015041510264078775,0.0019209233458541601
64,0.10017991065979004,0.001086487381782996
128,0.7734685738881429,0.0033584120249973036
256,6.179063240687053,0.009465554944607723
