n,time,stdv
2,6.21477762858073e-05,3.36705226209253e-05
4,0.00015648206075032553,1.673408584639828e-05
8,0.0007052421569824219,0.0001370537749655128
16,0.003969351450602214,0.0020538130662496375
32,0.014669656753540039,0.0011887425788489944
64,0.10042317708333333,0.00012956121298860374
128,0.7703869342803955,0.0010829450841529497
256,6.143393913904826,0.014233214735119888
