n,time,stdv
2,2.181529998779297e-05,1.1632530189006754e-05
4,7.343292236328125e-05,3.3717478808715227e-06
8,0.00027000904083251953,8.429369702178807e-07
16,0.0025632381439208984,0.0003560565762200328
