n,time,stdv
2,6.9141387939453125e-06,3.371747880871523e-07
4,3.647804260253906e-05,0.0
8,0.0002701282501220703,3.371747880871523e-07
16,0.0018106698989868164,5.22620921535086e-06
