n,time,stdv
2,9.334087371826172e-05,1.1801117583050329e-06
4,0.007088780403137207,0.005663356328105853
8,0.013143539428710938,0.005539444593483825
16,0.030666708946228027,0.00038286197187296136
