n,time,stdv
2,3.759066263834635e-05,1.5634757718230285e-05
4,0.00012270609537760416,1.1597865184203458e-05
8,0.0007349650065104166,7.68079184124683e-05
16,0.0038912296295166016,0.0019560767355696067
32,0.01620141665140788,0.0003994396690392976
64,0.10704867045084636,0.0006790257543199077
128,0.8352227210998535,0.012937146637456064
256,6.6414256890614825,0.012181569611202453
