n,time,stdv
2,1.5139579772949219e-05,1.6858739404357614e-07
4,9.739398956298828e-05,6.237733579612317e-06
8,0.00044667720794677734,4.265261069302476e-05
16,0.0035704374313354492,0.00029047607993708165
