n,time,stdv
2,5.924701690673828e-05,9.272306672396687e-06
4,0.0005075931549072266,0.00015644910167243864
8,0.003126978874206543,0.0005463917440952302
16,0.026145458221435547,0.0003054803580069599
