n,time,stdv
2,1.0371208190917969e-05,2.528810910653642e-06
4,3.6716461181640625e-05,1.6858739404357613e-06
8,0.000301361083984375,1.0115243642614567e-06
16,0.0024317502975463867,3.961803760024039e-05
