n,time,stdv
2,6.262461344401042e-05,3.041807483394797e-05
4,0.000164031982421875,4.567442908446316e-06
8,0.0007669925689697266,6.796058761722394e-05
16,0.004226287206013997,0.0022164552954493416
32,0.01429136594136556,0.0013851623996840872
64,0.0814503828684489,0.0002590725147303968
128,0.5507349967956543,0.00246036524885168
256,3.846656878789266,0.0066106801875029896
