n,time,stdv
2,3.361701965332031e-05,2.436539896209949e-05
4,3.3855438232421875e-05,2.374510205664222e-05
8,3.425280253092448e-05,2.4710948043510726e-05
16,3.679593404134115e-05,3.00315938879685e-05
32,0.045708656311035156,0.0009186758847039108
64,0.3366800944010417,0.0022028818034527313
128,2.6575121879577637,0.006077385925398784
256,21.091744025548298,0.013714405193048684
