n,time,stdv
2,1.9073486328125e-06,3.371747880871523e-07
4,0.00014352798461914062,2.663680825888503e-05
8,0.0008456707000732422,4.147249893471973e-05
16,0.006505727767944336,0.0004110160666782386
