n,time,stdv
2,4.410743713378906e-06,5.057621821307283e-07
4,0.00027179718017578125,7.687585168387071e-05
8,0.0013861656188964844,8.092194914091653e-06
16,0.019042611122131348,0.013884014836458711
